word,has_university,has_state_name,has_state_word,length,has_dash,all_capital,has_num
rochesterinstituteoftechnology,1,0,0,30,0,1,0
total,0,0,0,5,0,0,0
rochesterinstituteoftechnology,1,0,0,30,0,1,0
offers,0,0,0,6,0,0,0
catholicuniversityofamerica,1,0,0,27,0,1,0
1887,0,0,0,4,0,0,1
cua,0,0,0,3,0,0,0
for,0,0,0,3,0,0,0
universityofcalifornia--riverside,1,0,0,33,1,1,0
"18,608",0,0,0,6,0,0,1
ucr,0,0,0,3,0,0,0
school's,0,0,0,8,0,0,0
adelphiuniversity,1,0,0,17,0,1,0
undergraduate,0,0,0,13,0,0,0
acres,0,0,0,5,0,0,0
alliantinternationaluniversity,1,0,0,30,0,1,0
students,0,0,0,8,0,0,0
aiuniversity,1,0,0,12,0,1,0
strive,0,0,0,6,0,0,0
americaninternationalcollege,1,0,0,28,0,1,0
aic,0,0,0,3,0,0,0
yellowjackets,0,0,0,13,0,1,0
ncaadivision,0,0,0,12,0,1,0
americanuniversity,1,0,0,18,0,1,0
americanuniversity,1,0,0,18,0,1,0
political,0,0,0,9,0,0,0
of,0,0,0,2,0,0,0
museums,0,0,0,7,0,0,0
americanuniversity,1,0,0,18,0,1,0
andrewsuniversity,1,0,0,17,0,1,0
"1,733",0,0,0,5,0,0,1
rural,0,0,0,5,0,0,0
argosyuniversity,1,0,0,16,0,1,0
unranked,0,0,0,8,0,0,0
arizonastateuniversity--tempe,0,0,1,29,1,1,0
it,0,0,0,2,0,0,0
(2015-16),0,0,0,9,1,0,1
asu-tempe,0,0,0,9,1,0,0
w.p.careyschoolofbusiness,0,0,0,25,0,1,0
ashlanduniversity,1,0,0,17,0,1,0
auniversity,1,0,0,11,0,1,0
newmancatholic,0,0,0,14,0,1,0
ashlandeagles,0,0,0,13,0,1,0
auburnuniversity,1,0,0,16,0,1,0
auburnuniversity,1,0,0,16,0,1,0
space,0,0,0,5,0,0,0
auburnuniversity,1,0,0,16,0,1,0
urbanstudio,0,0,0,11,0,1,0
kathrynthornton,0,0,0,15,0,1,0
augustauniversity,1,0,0,17,0,1,0
clinicalcare,0,0,0,12,0,1,0
au,0,0,0,2,0,0,0
compassion,0,0,0,10,0,0,0
vision,0,0,0,6,0,0,0
azusapacificuniversity,1,0,0,22,0,1,0
institution,0,0,0,11,0,0,0
fees,0,0,0,4,0,0,0
ballstateuniversity,1,0,1,19,0,1,0
"$9,654",0,0,0,6,0,0,1
bsu,0,0,0,3,0,0,0
indianapolis,0,0,0,12,0,0,0
barryuniversity,1,0,0,15,0,1,0
andreasschoolofbusiness,0,0,0,23,0,1,0
dwayneo.andreasschooloflaw,0,0,0,26,0,1,0
adriandominicanschoolofeducation,0,0,0,32,0,1,0
saturdays,0,0,0,9,0,0,0
bachelor,0,0,0,8,0,0,0
master,0,0,0,6,0,0,0
jesusestévez,0,0,0,13,0,1,0
st.augustine,0,0,0,12,0,1,0
benedictineuniversity,1,0,0,21,0,1,0
ethnic,0,0,0,6,0,0,0
lifetime,0,0,0,8,0,0,0
binghamtonuniversity--suny,0,0,0,26,1,1,0
undergraduate,0,0,0,13,0,0,0
campus,0,0,0,6,0,0,0
is,0,0,0,2,0,0,0
binghamtonuniversity,1,0,0,20,0,1,0
binghamtonuniversity,1,0,0,20,0,1,0
biolauniversity,1,0,0,15,0,1,0
was,0,0,0,3,0,0,0
has,0,0,0,3,0,0,0
boisestateuniversity,1,0,1,20,0,1,0
"19,122",0,0,0,6,0,0,1
national,0,0,0,8,0,0,0
bsu,0,0,0,3,0,0,0
boisestate,0,0,1,10,0,1,0
degree,0,0,0,6,0,0,0
boisestateuniv,0,0,1,14,0,1,0
dancefestival,0,0,0,13,0,1,0
bostoncollege,1,0,0,13,0,1,0
has,0,0,0,3,0,0,0
bc,0,0,0,2,0,0,0
live,0,0,0,4,0,0,0
bostonuniversity,1,0,0,16,0,1,0
bu,0,0,0,2,0,0,0
has,0,0,0,3,0,0,0
also,0,0,0,4,0,0,0
80,0,0,0,2,0,0,1
bu,0,0,0,2,0,0,0
bowlinggreenstateuniversity,1,0,1,27,0,1,0
academic,0,0,0,8,0,0,0
bgsu,0,0,0,4,0,0,0
miles,0,0,0,5,0,0,0
brandeisuniversity,1,0,0,18,0,1,0
that,0,0,0,4,0,0,0
has,0,0,0,3,0,0,0
size,0,0,0,4,0,0,0
brandeisuniversity,1,0,0,18,0,1,0
brandeisuniversity,1,0,0,18,0,1,0
brighamyounguniversity--provo,0,0,0,29,1,1,0
brighamyounguniversity--provo,0,0,0,29,1,1,0
life,0,0,0,4,0,0,0
religion,0,0,0,8,0,0,0
at,0,0,0,2,0,0,0
byu,0,0,0,3,0,0,0
brownuniversity,1,0,0,15,0,1,0
brownuniversity,1,0,0,15,0,1,0
brownuniversity,1,0,0,15,0,1,0
team,0,0,0,4,0,0,0
consistently,0,0,0,12,0,0,0
housing,0,0,0,7,0,0,0
californiainstituteofintegralstudies,1,0,0,36,0,1,0
ciis,0,0,0,4,0,0,0
synthesize,0,0,0,10,0,0,0
encompass,0,0,0,9,0,0,0
californiainstituteoftechnology,1,0,0,31,0,1,0
californiainstituteoftechnology,1,0,0,31,0,1,0
caltech,0,0,0,7,0,0,0
located,0,0,0,7,0,0,0
caltech,0,0,0,7,0,0,0
years,0,0,0,5,0,0,0
in,0,0,0,2,0,0,0
californiastateuniversity--fresno,0,0,1,33,1,1,0
ranking,0,0,0,7,0,0,0
csu—fresno,0,0,0,12,0,0,0
fresnostate—fresno,0,0,0,20,0,1,0
organizations,0,0,0,13,0,0,0
bulldogs,0,0,0,8,0,0,0
californiastateuniversity--fullerton,0,0,1,36,1,1,0
csu--fullerton,0,0,0,14,1,0,0
school,0,0,0,6,0,0,0
csuf,0,0,0,4,0,0,0
publicized,0,0,0,10,0,0,0
fieldofdreams,0,0,0,13,0,1,0
cardinalstritchuniversity,1,0,0,25,0,1,0
csu,0,0,0,3,0,0,0
elementary,0,0,0,10,0,0,0
stritch,0,0,0,7,0,0,0
msn,0,0,0,3,0,0,0
respiratorytherapy,0,0,0,18,0,1,0
carnegiemellonuniversity,1,0,0,24,0,1,0
that,0,0,0,4,0,0,0
size,0,0,0,4,0,0,0
acres,0,0,0,5,0,0,0
carnegiemellonuniversity,1,0,0,24,0,1,0
cmu,0,0,0,3,0,0,0
casewesternreserveuniversity,1,0,0,28,0,1,0
cwru,0,0,0,4,0,0,0
classroom,0,0,0,9,0,0,0
where,0,0,0,5,0,0,0
live,0,0,0,4,0,0,0
casewesternreserveuniversity,1,0,0,28,0,1,0
centralmichiganuniversity,1,0,0,25,0,1,0
centralmichiganuniv,0,0,0,19,0,1,0
heritagemonth,0,0,0,13,0,1,0
dickenberg,0,0,0,10,0,1,0
clarkatlantauniversity,1,0,0,22,0,1,0
atlantauniversity,1,0,0,17,0,1,0
clarkcollege,1,0,0,12,0,1,0
clarkatlanta,0,0,0,12,0,1,0
sororities,0,0,0,10,0,0,0
academy,0,0,0,7,0,0,0
w.e.b.,0,0,0,6,0,0,0
clarkuniversity,1,0,0,15,0,1,0
clarkuniversity,1,0,0,15,0,1,0
small,0,0,0,5,0,0,0
local,0,0,0,5,0,0,0
not,0,0,0,3,0,0,0
clarkuniversity,1,0,0,15,0,1,0
clarksonuniversity,1,0,0,18,0,1,0
enrollment,0,0,0,10,0,0,0
"3,257",0,0,0,5,0,0,1
clarksonuniversity,1,0,0,18,0,1,0
including,0,0,0,9,0,0,0
clemsonuniversity,1,0,0,17,0,1,0
clemsonuniversity,1,0,0,17,0,1,0
by,0,0,0,2,0,0,0
two,0,0,0,3,0,0,0
options,0,0,0,7,0,0,0
clemsonuniversity,1,0,0,17,0,1,0
clevelandstateuniversity,1,0,1,24,0,1,0
edition,0,0,0,7,0,0,0
clevelandstateu,0,0,1,15,0,1,0
programs,0,0,0,8,0,0,0
urban,0,0,0,5,0,0,0
csu,0,0,0,3,0,0,0
collegeofwilliam&mary,1,0,0,21,0,1,0
collegeofwilliam&mary,1,0,0,21,0,1,0
collegeofwilliam&mary,1,0,0,21,0,1,0
second,0,0,0,6,0,0,0
was,0,0,0,3,0,0,0
more,0,0,0,4,0,0,0
coloradostateuniversity,1,0,1,23,0,1,0
"$11,080",0,0,0,7,0,0,1
csu,0,0,0,3,0,0,0
rocky,0,0,0,5,0,0,0
columbiauniversity,1,0,0,18,0,1,0
columbiauniversity,1,0,0,18,0,1,0
columbiauniversity,1,0,0,18,0,1,0
wide,0,0,0,4,0,0,0
brownstones,0,0,0,11,0,0,0
chapters,0,0,0,8,0,0,0
cornelluniversity,1,0,0,17,0,1,0
cornelluniversity,1,0,0,17,0,1,0
fees,0,0,0,4,0,0,0
cornelluniversity,1,0,0,17,0,1,0
lacrosse,0,0,0,8,0,0,0
graduate,0,0,0,8,0,0,0
dallasbaptistuniversity,1,0,0,23,0,1,0
dbu,0,0,0,3,0,0,0
called,0,0,0,6,0,0,0
of,0,0,0,2,0,0,0
dartmouthcollege,1,0,0,16,0,1,0
dartmouthcollege,1,0,0,16,0,1,0
dartmouthcollege,1,0,0,16,0,1,0
outingclub,0,0,0,10,0,1,0
student,0,0,0,7,0,0,0
comedy,0,0,0,6,0,0,0
depauluniversity,1,0,0,16,0,1,0
urban,0,0,0,5,0,0,0
depauluniversity,1,0,0,16,0,1,0
exclusively,0,0,0,11,0,0,0
drexeluniversity,1,0,0,16,0,1,0
drexeluniversity,1,0,0,16,0,1,0
extensive,0,0,0,9,0,0,0
before,0,0,0,6,0,0,0
dukeuniversity,1,0,0,14,0,1,0
percent,0,0,0,7,0,0,0
dukeuniversity,1,0,0,14,0,1,0
carlosboozer,0,0,0,12,0,1,0
duquesneuniversity,1,0,0,18,0,1,0
ranking,0,0,0,7,0,0,0
eastcarolinauniversity,1,0,0,22,0,1,0
calendar,0,0,0,8,0,0,0
ecuniversity,1,0,0,12,0,1,0
rural,0,0,0,5,0,0,0
ecu,0,0,0,3,0,0,0
get,0,0,0,3,0,0,0
linda,0,0,0,5,0,0,0
easttennesseestateuniversity,1,0,1,28,0,1,0
easttennesseestate,0,0,1,18,0,1,0
family,0,0,0,6,0,0,0
play,0,0,0,4,0,0,0
etsu,0,0,0,4,0,0,0
former,0,0,0,6,0,0,0
doughnuts,0,0,0,9,0,0,0
easternmichiganuniversity,1,0,0,25,0,1,0
emu,0,0,0,3,0,0,0
teams,0,0,0,5,0,0,0
as,0,0,0,2,0,0,0
edgewoodcollege,1,0,0,15,0,1,0
founded,0,0,0,7,0,0,0
"1,813",0,0,0,5,0,0,1
emoryuniversity,1,0,0,15,0,1,0
emoryuniversity,1,0,0,15,0,1,0
emoryuniversity,1,0,0,15,0,1,0
the,0,0,0,3,0,0,0
there,0,0,0,5,0,0,0
with,0,0,0,4,0,0,0
floridaa&muniversity,1,0,0,20,0,1,0
origin,0,0,0,6,0,0,0
famu,0,0,0,4,0,0,0
alumni,0,0,0,6,0,0,0
floridaatlanticuniversity,1,0,0,25,0,1,0
fau,0,0,0,3,0,0,0
sciences,0,0,0,8,0,0,0
home,0,0,0,4,0,0,0
floridainstituteoftechnology,1,0,0,28,0,1,0
171.,0,0,0,4,0,0,1
floridatech,0,0,0,11,0,1,0
originally,0,0,0,10,0,0,0
floridainternationaluniversity,1,0,0,30,0,1,0
hispanic,0,0,0,8,0,0,0
fiu,0,0,0,3,0,0,0
sandals,0,0,0,7,0,0,0
floridastateuniversity,1,0,1,22,0,1,0
floridastateuniversity,1,0,1,22,0,1,0
not,0,0,0,3,0,0,0
every,0,0,0,5,0,0,0
apply,0,0,0,5,0,0,0
floridastateuniversity,1,0,1,22,0,1,0
fordhamuniversity,1,0,0,17,0,1,0
1841,0,0,0,4,0,0,1
fordhamuniversity,1,0,0,17,0,1,0
do,0,0,0,2,0,0,0
fordhamuniversity,1,0,0,17,0,1,0
may,0,0,0,3,0,0,0
gardner-webbuniversity,1,0,0,22,1,1,0
gwu,0,0,0,3,0,0,0
offers,0,0,0,6,0,0,0
amenities,0,0,0,9,0,0,0
georgemasonuniversity,1,0,0,21,0,1,0
georgemasonuniversity,1,0,0,21,0,1,0
life,0,0,0,4,0,0,0
georgewashingtonuniversity,1,0,0,26,0,1,0
georgewashingtonuniversity,1,0,0,26,0,1,0
tuition,0,0,0,7,0,0,0
gwu,0,0,0,3,0,0,0
downtown,0,0,0,8,0,0,0
compete,0,0,0,7,0,0,0
georgetownuniversity,1,0,0,20,0,1,0
georgetownuniversity,1,0,0,20,0,1,0
georgetownuniversity,1,0,0,20,0,1,0
few,0,0,0,3,0,0,0
halls,0,0,0,5,0,0,0
other,0,0,0,5,0,0,0
georgiainstituteoftechnology,1,0,0,28,0,1,0
georgiatech,0,0,0,11,0,1,0
heart,0,0,0,5,0,0,0
addition,0,0,0,8,0,0,0
georgiatech,0,0,0,11,0,1,0
six,0,0,0,3,0,0,0
georgiasouthernuniversity,1,0,0,25,0,1,0
gsuniversity,1,0,0,12,0,1,0
gsu,0,0,0,3,0,0,0
irish,0,0,0,5,0,0,0
fraternities,0,0,0,12,0,0,0
which,0,0,0,5,0,0,0
georgiastateuniversity,1,0,1,22,0,1,0
gsu,0,0,0,3,0,0,0
georgiastate,0,0,1,12,0,1,0
ken,0,0,0,3,0,0,0
lewis,0,0,0,5,0,0,0
ludacris,0,0,0,8,0,0,0
grandcanyonuniversity,1,0,0,21,0,1,0
gcu,0,0,0,3,0,0,0
lopes,0,0,0,5,0,0,0
pacwest,0,0,0,7,0,0,0
harvarduniversity,1,0,0,17,0,1,0
harvarduniversity,1,0,0,17,0,1,0
world,0,0,0,5,0,0,0
delano,0,0,0,6,0,0,0
johnf.kennedy,0,0,0,13,0,1,0
hofstrauniversity,1,0,0,17,0,1,0
hofstrauniversity,1,0,0,17,0,1,0
semesters,0,0,0,9,0,0,0
howarduniversity,1,0,0,16,0,1,0
howarduniversity,1,0,0,16,0,1,0
historically,0,0,0,12,0,0,0
stop,0,0,0,4,0,0,0
idahostateuniversity,1,0,1,20,0,1,0
isu,0,0,0,3,0,0,0
sky,0,0,0,3,0,0,0
merril,0,0,0,6,0,0,0
illinoisstateuniversity,1,0,1,23,0,1,0
is,0,0,0,2,0,0,0
located,0,0,0,7,0,0,0
isu,0,0,0,3,0,0,0
immaculatauniversity,1,0,0,20,0,1,0
in,0,0,0,2,0,0,0
indianastateuniversity,1,0,1,22,0,1,0
indianastate,0,0,1,12,0,1,0
isu,0,0,0,3,0,0,0
chappell,0,0,0,8,0,0,0
wanda,0,0,0,5,0,0,0
ramey,0,0,0,5,0,0,0
indianauniversityofpennsylvania,1,0,0,31,0,1,0
iup,0,0,0,3,0,0,0
indianastatenormalschool,0,0,1,24,0,1,0
chad,0,0,0,4,0,0,0
hurley,0,0,0,6,0,0,0
youtube,0,0,0,7,0,0,0
indianauniversity--bloomington,0,0,0,30,1,1,0
indianauniversity--bloomington,0,0,0,30,1,1,0
what,0,0,0,4,0,0,0
notorious,0,0,0,9,0,0,0
iubloomington,0,0,0,13,0,1,0
meg,0,0,0,3,0,0,0
indianauniversity-purdueuniversity--indianapolis,0,0,0,48,1,1,0
indianauniversity-purdueuniversityindianapolis,1,0,0,46,1,1,0
iupui,0,0,0,5,0,0,0
students,0,0,0,8,0,0,0
can,0,0,0,3,0,0,0
iowastateuniversity,1,0,1,19,0,1,0
iowastateuniversity,1,0,1,19,0,1,0
campus,0,0,0,6,0,0,0
nearly,0,0,0,6,0,0,0
jacksonstateuniversity,1,0,1,22,0,1,0
jacksonstate,0,0,1,12,0,1,0
jsu,0,0,0,3,0,0,0
natchez,0,0,0,7,0,0,0
seminary,0,0,0,8,0,0,0
for,0,0,0,3,0,0,0
johnshopkinsuniversity,1,0,0,22,0,1,0
jhu,0,0,0,3,0,0,0
four,0,0,0,4,0,0,0
with,0,0,0,4,0,0,0
johnshopkinsuniversity,1,0,0,22,0,1,0
degrees,0,0,0,7,0,0,0
kansasstateuniversity,1,0,1,21,0,1,0
ksu,0,0,0,3,0,0,0
region,0,0,0,6,0,0,0
of,0,0,0,2,0,0,0
kennesawstateuniversity,1,0,1,23,0,1,0
kennesawstate,0,0,1,13,0,1,0
marietta,0,0,0,8,0,0,0
kennesaw,0,0,0,8,0,0,0
ksu,0,0,0,3,0,0,0
billion,0,0,0,7,0,0,0
kentstateuniversity,1,0,1,19,0,1,0
kentstateuniversity,1,0,1,19,0,1,0
choose,0,0,0,6,0,0,0
from,0,0,0,4,0,0,0
lamaruniversity,1,0,0,15,0,1,0
tier,0,0,0,4,0,0,0
lu,0,0,0,2,0,0,0
its,0,0,0,3,0,0,0
lehighuniversity,1,0,0,16,0,1,0
lehighuniversity,1,0,0,16,0,1,0
is,0,0,0,2,0,0,0
half,0,0,0,4,0,0,0
lehighuniversity,1,0,0,16,0,1,0
men,0,0,0,3,0,0,0
lesleyuniversity,1,0,0,16,0,1,0
size,0,0,0,4,0,0,0
its,0,0,0,3,0,0,0
libertyuniversity,1,0,0,17,0,1,0
luniversity,1,0,0,11,0,1,0
jerry,0,0,0,5,0,0,0
falwell,0,0,0,7,0,0,0
lindenwooduniversity,1,0,0,20,0,1,0
judeo-christian,0,0,0,15,1,0,0
lipscombuniversity,1,0,0,18,0,1,0
utilizes,0,0,0,8,0,0,0
illinoisinstituteoftechnology,1,0,0,29,0,1,0
iit,0,0,0,3,0,0,0
wide,0,0,0,4,0,0,0
range,0,0,0,5,0,0,0
louisianastateuniversity--batonrouge,0,0,1,36,1,1,0
lsu,0,0,0,3,0,0,0
ourso,0,0,0,5,0,0,0
explore,0,0,0,7,0,0,0
louisianatechuniversity,1,0,0,23,0,1,0
ltu,0,0,0,3,0,0,0
carnegie,0,0,0,8,0,0,0
louisiana,0,0,0,9,0,0,0
loyolauniversitychicago,1,0,0,23,0,1,0
loyolauniversitychicago,1,0,0,23,0,1,0
loyolauniversitychicago,1,0,0,23,0,1,0
miles,0,0,0,5,0,0,0
abroad,0,0,0,6,0,0,0
to,0,0,0,2,0,0,0
marquetteuniversity,1,0,0,19,0,1,0
marquetteuniversity,1,0,0,19,0,1,0
marquetteuniversity,1,0,0,19,0,1,0
the,0,0,0,3,0,0,0
travel,0,0,0,6,0,0,0
gailcollins,0,0,0,11,0,1,0
massachusettsinstituteoftechnology,1,0,0,34,0,1,0
mit,0,0,0,3,0,0,0
across,0,0,0,6,0,0,0
class,0,0,0,5,0,0,0
year,0,0,0,4,0,0,0
mit,0,0,0,3,0,0,0
merceruniversity,1,0,0,16,0,1,0
enrollment,0,0,0,10,0,0,0
merceruniversity,1,0,0,16,0,1,0
government,0,0,0,10,0,0,0
miamiuniversity--oxford,0,0,0,23,1,1,0
miamiuniversity,1,0,0,15,0,1,0
body,0,0,0,4,0,0,0
phi,0,0,0,3,0,0,0
sigmachi,0,0,0,8,0,1,0
miamiuniversity,1,0,0,15,0,1,0
michiganstateuniversity,1,0,1,23,0,1,0
michiganstateuniversity,1,0,1,23,0,1,0
michiganstateuniversity,1,0,1,23,0,1,0
volunteer,0,0,0,9,0,0,0
largest,0,0,0,7,0,0,0
earned,0,0,0,6,0,0,0
michigantechnologicaluniversity,1,0,0,31,0,1,0
calendar,0,0,0,8,0,0,0
mtu,0,0,0,3,0,0,0
"""sno-ball""dance",0,0,0,15,1,0,0
middletennesseestateuniversity,1,0,1,30,0,1,0
middletennesseestate,0,0,1,20,0,1,0
mtsu,0,0,0,4,0,0,0
extra-curricular,0,0,0,16,1,0,0
sustains,0,0,0,8,0,0,0
renewed,0,0,0,7,0,0,0
with,0,0,0,4,0,0,0
mississippistateuniversity,1,0,1,26,0,1,0
msu,0,0,0,3,0,0,0
degrees,0,0,0,7,0,0,0
ranked,0,0,0,6,0,0,0
missouriuniversityofscience&technology,1,0,0,38,0,1,0
missouriuniversityofscience&technology,1,0,0,38,0,1,0
(stem),0,0,0,6,0,0,0
technology,0,0,0,10,0,0,0
montanastateuniversity,1,0,1,22,0,1,0
bozeman,0,0,0,7,0,0,0
msu,0,0,0,3,0,0,0
schweitzer,0,0,0,10,0,0,0
montclairstateuniversity,1,0,1,24,0,1,0
montclairstateuniversity,1,0,1,24,0,1,0
14,0,0,0,2,0,0,1
clubs,0,0,0,5,0,0,0
morganstateuniversity,1,0,1,21,0,1,0
msu,0,0,0,3,0,0,0
maryland,0,0,0,8,0,0,0
landscape,0,0,0,9,0,0,0
nationallouisuniversity,1,0,0,23,0,1,0
2017,0,0,0,4,0,0,1
nlu,0,0,0,3,0,0,0
fees,0,0,0,4,0,0,0
newjerseyinstituteoftechnology,1,0,0,30,0,1,0
best,0,0,0,4,0,0,0
135,0,0,0,3,0,0,1
newmexicostateuniversity,1,0,1,24,0,1,0
nmstate,0,0,1,7,0,1,0
nmsu,0,0,0,4,0,0,0
mexico,0,0,0,6,0,0,0
aggies,0,0,0,6,0,0,0
western,0,0,0,7,0,0,0
newschool,0,0,0,9,0,1,0
"6,792",0,0,0,5,0,0,1
urban,0,0,0,5,0,0,0
newyorkuniversity,1,0,0,17,0,1,0
calendar,0,0,0,8,0,0,0
ranking,0,0,0,7,0,0,0
nyu,0,0,0,3,0,0,0
nyu,0,0,0,3,0,0,0
place,0,0,0,5,0,0,0
northcarolinaa&tstateuniversity,1,0,1,31,0,1,0
ncatsu,0,0,0,6,0,0,0
male,0,0,0,4,0,0,0
terrence,0,0,0,8,0,0,0
jenkins,0,0,0,7,0,0,0
northcarolinastateuniversity--raleigh,0,0,1,37,1,1,0
northcarolinastateuniversity,1,0,1,28,0,1,0
body,0,0,0,4,0,0,0
wolfpack,0,0,0,8,0,0,0
northdakotastateuniversity,1,0,1,26,0,1,0
northdakotastateuniversity,1,0,1,26,0,1,0
study,0,0,0,5,0,0,0
wanted,0,0,0,6,0,0,0
northeasternuniversity,1,0,0,22,0,1,0
northeasternuniversity,1,0,0,22,0,1,0
northeasternuniversity,1,0,0,22,0,1,0
gain,0,0,0,4,0,0,0
level,0,0,0,5,0,0,0
full,0,0,0,4,0,0,0
northernarizonauniversity,1,0,0,25,0,1,0
nau,0,0,0,3,0,0,0
flagstaff,0,0,0,9,0,0,0
http:,0,0,0,5,0,0,0
northernillinoisuniversity,1,0,0,26,0,1,0
niu,0,0,0,3,0,0,0
mid-american,0,0,0,12,1,0,0
simpsons,0,0,0,8,0,0,0
northwesternuniversity,1,0,0,22,0,1,0
northwesternuniversity,1,0,0,22,0,1,0
became,0,0,0,6,0,0,0
northwesternuniversity,1,0,0,22,0,1,0
branch,0,0,0,6,0,0,0
nine,0,0,0,4,0,0,0
novasoutheasternuniversity,1,0,0,26,0,1,0
nsu,0,0,0,3,0,0,0
dual,0,0,0,4,0,0,0
pathology,0,0,0,9,0,0,0
oaklanduniversity,1,0,0,17,0,1,0
ou,0,0,0,2,0,0,0
corporate,0,0,0,9,0,0,0
hasselhoff,0,0,0,10,0,0,0
ohiostateuniversity--columbus,0,0,1,29,1,1,0
ohiostateuniversity--columbus,0,0,1,29,1,1,0
osu,0,0,0,3,0,0,0
bigten,0,0,0,6,0,1,0
brutus,0,0,0,6,0,0,0
spring,0,0,0,6,0,0,0
ohiouniversity,1,0,0,14,0,1,0
ou,0,0,0,2,0,0,0
live,0,0,0,4,0,0,0
criteria,0,0,0,8,0,0,0
oklahomastateuniversity,1,0,1,23,0,1,0
joining,0,0,0,7,0,0,0
osu,0,0,0,3,0,0,0
known,0,0,0,5,0,0,0
olddominionuniversity,1,0,0,21,0,1,0
odu,0,0,0,3,0,0,0
tv,0,0,0,2,0,0,0
harris,0,0,0,6,0,0,0
oregonstateuniversity,1,0,1,21,0,1,0
enrollment,0,0,0,10,0,0,0
including,0,0,0,9,0,0,0
osu,0,0,0,3,0,0,0
paceuniversity,1,0,0,14,0,1,0
newyork,0,0,0,7,0,1,0
paceuniversity,1,0,0,14,0,1,0
known,0,0,0,5,0,0,0
pennsylvaniastateuniversity--universitypark,0,0,1,43,1,1,0
pennsylvaniastateuniversity--universitypark,0,0,1,43,1,1,0
money,0,0,0,5,0,0,0
bars,0,0,0,4,0,0,0
pepperdineuniversity,1,0,0,20,0,1,0
pepperdineuniversity,1,0,0,20,0,1,0
church,0,0,0,6,0,0,0
dry,0,0,0,3,0,0,0
pepperdineuniversity,1,0,0,20,0,1,0
westlakevillage,0,0,0,15,0,1,0
portlandstateuniversity,1,0,1,23,0,1,0
psuniversity,1,0,0,12,0,1,0
maseehcollegeofengineeringandcomputerscience,1,0,0,44,0,1,0
ime,0,0,0,3,0,0,0
udoka,0,0,0,5,0,0,0
comics,0,0,0,6,0,0,0
prairieviewa&muniversity,1,0,0,24,0,1,0
pvamu,0,0,0,5,0,0,0
1984,0,0,0,4,0,0,1
imbued,0,0,0,6,0,0,0
princetonuniversity,1,0,0,19,0,1,0
princetonuniversity,1,0,0,19,0,1,0
teams,0,0,0,5,0,0,0
community,0,0,0,9,0,0,0
purdueuniversity--westlafayette,0,0,0,31,1,1,0
its,0,0,0,3,0,0,0
purdueuniversity,1,0,0,16,0,1,0
one-third,0,0,0,9,1,0,0
regentuniversity,1,0,0,16,0,1,0
ru,0,0,0,2,0,0,0
religious,0,0,0,9,0,0,0
eight,0,0,0,5,0,0,0
moot,0,0,0,4,0,0,0
universityofhoustonlawcenter,1,0,0,28,0,1,0
rensselaerpolytechnicinstitute,1,0,0,30,0,1,0
rensselaerpolytechnicinstitute,1,0,0,30,0,1,0
fourths,0,0,0,7,0,0,0
rpi,0,0,0,3,0,0,0
b.s./m.d.,0,0,0,9,0,0,0
b.s./j.d.,0,0,0,9,0,0,0
riceuniversity,1,0,0,14,0,1,0
riceuniversity,1,0,0,14,0,1,0
and,0,0,0,3,0,0,0
"""sammy""",0,0,0,7,0,0,0
robertmorrisuniversity,1,0,0,22,0,1,0
suburban,0,0,0,8,0,0,0
morris,0,0,0,6,0,0,0
rutgersuniversity--newbrunswick,0,0,0,31,1,1,0
rutgersuniversity--newbrunswick,0,0,0,31,1,1,0
high,0,0,0,4,0,0,0
rutgersuniversity,1,0,0,17,0,1,0
clubs,0,0,0,5,0,0,0
has,0,0,0,3,0,0,0
rutgersuniversity--newark,0,0,0,25,1,1,0
rutgersuniversity—newark,0,0,0,26,0,1,0
largest,0,0,0,7,0,0,0
complete,0,0,0,8,0,0,0
saintlouisuniversity,1,0,0,20,0,1,0
st.louisuniversity,1,0,0,18,0,1,0
slu,0,0,0,3,0,0,0
good-luck,0,0,0,9,1,0,0
sports,0,0,0,6,0,0,0
also,0,0,0,4,0,0,0
samhoustonstateuniversity,1,0,1,25,0,1,0
shsu,0,0,0,4,0,0,0
texas,0,0,0,5,0,0,0
sam,0,0,0,3,0,0,0
sandiegostateuniversity,1,0,1,23,0,1,0
utilizes,0,0,0,8,0,0,0
a,0,0,0,1,0,0,0
sanfranciscostateuniversity,1,0,1,27,0,1,0
sfsu,0,0,0,4,0,0,0
rocky,0,0,0,5,0,0,0
charles,0,0,0,7,0,0,0
seattlepacificuniversity,1,0,0,24,0,1,0
spu,0,0,0,3,0,0,0
christian,0,0,0,9,0,0,0
extensive,0,0,0,9,0,0,0
setonhalluniversity,1,0,0,19,0,1,0
shu,0,0,0,3,0,0,0
health,0,0,0,6,0,0,0
career,0,0,0,6,0,0,0
shenandoahuniversity,1,0,0,20,0,1,0
su,0,0,0,2,0,0,0
harry,0,0,0,5,0,0,0
byrd,0,0,0,4,0,0,0
eleanorwadecusterschoolofnursing,0,0,0,32,0,1,0
dunn,0,0,0,4,0,0,0
southdakotastateuniversity,1,0,1,26,0,1,0
sdsu,0,0,0,4,0,0,0
biological,0,0,0,10,0,0,0
pharmacy,0,0,0,8,0,0,0
southernillinoisuniversity--carbondale,0,0,0,38,1,1,0
siu--carbondale,0,0,0,15,1,0,0
shrink,0,0,0,6,0,0,0
siuc,0,0,0,4,0,0,0
percent,0,0,0,7,0,0,0
arts,0,0,0,4,0,0,0
southernmethodistuniversity,1,0,0,27,0,1,0
southernmethodistuniversity,1,0,0,27,0,1,0
sunshine,0,0,0,8,0,0,0
presidential,0,0,0,12,0,0,0
i,0,0,0,1,0,0,0
smu,0,0,0,3,0,0,0
spaldinguniversity,1,0,0,18,0,1,0
su,0,0,0,2,0,0,0
kentucky,0,0,0,8,0,0,0
unsurpassed,0,0,0,11,0,0,0
st.johnfishercollege,1,0,0,20,0,1,0
fisher,0,0,0,6,0,0,0
st.john'suniversity,1,0,0,19,0,1,0
roman,0,0,0,5,0,0,0
catholic,0,0,0,8,0,0,0
st.john'suniversity,1,0,0,19,0,1,0
governor,0,0,0,8,0,0,0
stanforduniversity,1,0,0,18,0,1,0
"""biggame""",0,0,0,9,0,1,0
stanforduniversity,1,0,0,18,0,1,0
u.s.president,0,0,0,13,0,1,0
stevensinstituteoftechnology,1,0,0,28,0,1,0
stevensinstituteoftechnology,1,0,0,28,0,1,0
subway,0,0,0,6,0,0,0
her,0,0,0,3,0,0,0
stonybrookuniversity--suny,0,0,0,26,1,1,0
stonybrookuniversity--suny,0,0,0,26,1,1,0
stonybrookuniversity,1,0,0,20,0,1,0
not,0,0,0,3,0,0,0
time,0,0,0,4,0,0,0
student-made,0,0,0,12,1,0,0
suffolkuniversity,1,0,0,17,0,1,0
visitors,0,0,0,8,0,0,0
historic,0,0,0,8,0,0,0
suffolkuniversity,1,0,0,17,0,1,0
arts,0,0,0,4,0,0,0
sunycollegeofenvironmentalscienceandforestry,1,0,0,44,0,1,0
sunycollegeofenvironmentalscienceandforestry,1,0,0,44,0,1,0
degrees,0,0,0,7,0,0,0
campus,0,0,0,6,0,0,0
syracuseuniversity,1,0,0,18,0,1,0
winterfest,0,0,0,10,0,0,0
syracuseuniversity,1,0,0,18,0,1,0
abroad,0,0,0,6,0,0,0
templeuniversity,1,0,0,16,0,1,0
templeuniversity,1,0,0,16,0,1,0
research,0,0,0,8,0,0,0
asian,0,0,0,5,0,0,0
tennesseestateuniversity,1,0,1,24,0,1,0
tsu,0,0,0,3,0,0,0
tennesseestate,0,0,1,14,0,1,0
oprah,0,0,0,5,0,0,0
winfrey,0,0,0,7,0,0,0
olympic,0,0,0,7,0,0,0
tennesseetechnologicaluniversity,1,0,0,32,0,1,0
ttu,0,0,0,3,0,0,0
ecosystems,0,0,0,10,0,0,0
unbeatable,0,0,0,10,0,0,0
texasa&muniversity--collegestation,0,0,0,34,1,1,0
in-state,0,0,0,8,1,0,0
texasa&m,0,0,0,8,0,1,0
during,0,0,0,6,0,0,0
texasa&muniversity--commerce,0,0,0,28,1,1,0
dallas/fort,0,0,0,11,0,0,0
tamu-commerce,0,0,0,13,1,0,0
top25,0,0,0,5,0,1,1
u.s.,0,0,0,4,0,0,0
tamuc,0,0,0,5,0,0,0
95%,0,0,0,3,0,0,1
texasa&muniversity--corpuschristi,0,0,0,33,1,1,0
tamusc,0,0,0,6,0,0,0
dedicated,0,0,0,9,0,0,0
hispanicservinginstitution,0,0,0,26,0,1,0
hsi,0,0,0,3,0,0,0
gaps,0,0,0,4,0,0,0
prominence,0,0,0,10,0,0,0
texasa&muniversity--kingsville,0,0,0,30,1,1,0
tamuk,0,0,0,5,0,0,0
federally,0,0,0,9,0,0,0
ranch,0,0,0,5,0,0,0
texaschristianuniversity,1,0,0,24,0,1,0
texaschristianuniversity,1,0,0,24,0,1,0
with,0,0,0,4,0,0,0
percent,0,0,0,7,0,0,0
texassouthernuniversity,1,0,0,23,0,1,0
tsuniversity,1,0,0,12,0,1,0
barbara,0,0,0,7,0,0,0
jordan,0,0,0,6,0,0,0
mickey,0,0,0,6,0,0,0
leland,0,0,0,6,0,0,0
tsu,0,0,0,3,0,0,0
texasstateuniversity,1,0,1,20,0,1,0
texasstate,0,0,1,10,0,1,0
lyndon,0,0,0,6,0,0,0
johnson,0,0,0,7,0,0,0
texastechuniversity,1,0,0,19,0,1,0
texastechuniversity,1,0,0,19,0,1,0
redraiders,0,0,0,10,0,1,0
sports,0,0,0,6,0,0,0
texaswoman'suniversity,1,0,0,22,0,1,0
twu,0,0,0,3,0,0,0
civic,0,0,0,5,0,0,0
focusing,0,0,0,8,0,0,0
treveccanazareneuniversity,1,0,0,26,0,1,0
tnu,0,0,0,3,0,0,0
spiritual,0,0,0,9,0,0,0
internships,0,0,0,11,0,0,0
trinityinternationaluniversity,1,0,0,30,0,1,0
tiu,0,0,0,3,0,0,0
faithfulness,0,0,0,12,0,0,0
maturely,0,0,0,8,0,0,0
tuftsuniversity,1,0,0,15,0,1,0
tuftsuniversity,1,0,0,15,0,1,0
tuftsuniversity,1,0,0,15,0,1,0
beelzebubs,0,0,0,10,0,0,0
the,0,0,0,3,0,0,0
andy,0,0,0,4,0,0,0
tulaneuniversity,1,0,0,16,0,1,0
calendar,0,0,0,8,0,0,0
in,0,0,0,2,0,0,0
tulaneuniversity,1,0,0,16,0,1,0
unioninstituteanduniversity,1,0,0,27,0,1,0
uiu,0,0,0,3,0,0,0
hybrid,0,0,0,6,0,0,0
mission,0,0,0,7,0,0,0
unionuniversity,1,0,0,15,0,1,0
city,0,0,0,4,0,0,0
4-1-4-based,0,0,0,11,1,0,1
universityatalbany--suny,1,0,0,24,1,1,0
theuniversityatalbany,1,0,0,21,0,1,0
business,0,0,0,8,0,0,0
including,0,0,0,9,0,0,0
universityatbuffalo--suny,1,0,0,25,1,1,0
suburban,0,0,0,8,0,0,0
universityatbuffalo--suny,1,0,0,25,1,1,0
fees,0,0,0,4,0,0,0
universityofakron,1,0,0,17,0,1,0
uoa,0,0,0,3,0,0,0
theater,0,0,0,7,0,0,0
barnes,0,0,0,6,0,0,0
starbucks,0,0,0,9,0,0,0
universityofalabama,1,0,0,19,0,1,0
flagship,0,0,0,8,0,0,0
tuscaloosa,0,0,0,10,0,0,0
universityofalabama--birmingham,1,0,0,31,1,1,0
fees,0,0,0,4,0,0,0
universityofalabama--huntsville,1,0,0,31,1,1,0
universityofalabama--huntsville,1,0,0,31,1,1,0
located,0,0,0,7,0,0,0
northern,0,0,0,8,0,0,0
universityofalaska--fairbanks,1,0,0,29,1,1,0
uoa-fairbanks,0,0,0,13,1,0,0
uaf,0,0,0,3,0,0,0
tundra,0,0,0,6,0,0,0
frontier,0,0,0,8,0,0,0
intramural,0,0,0,10,0,0,0
universityofarizona,1,0,0,19,0,1,0
freshmen,0,0,0,8,0,0,0
universityofarizona,1,0,0,19,0,1,0
medicine,0,0,0,8,0,0,0
universityofarkansas,1,0,0,20,0,1,0
universityofarkansas,1,0,0,20,0,1,0
fayetteville,0,0,0,12,0,0,0
johnmayer,0,0,0,9,0,1,0
universityofarkansas--littlerock,1,0,0,32,1,1,0
ualr,0,0,0,4,0,0,0
creek,0,0,0,5,0,0,0
baccalaureate,0,0,0,13,0,0,0
universityofcalifornia--berkeley,1,0,0,32,1,1,0
uc-berkeley,0,0,0,11,1,0,0
pac-12,0,0,0,6,1,0,1
u.s.supreme,0,0,0,11,0,1,0
universityofcalifornia--davis,1,0,0,29,1,1,0
"$14,046",0,0,0,7,0,0,1
universityofcalifornia--davis,1,0,0,29,1,1,0
sacramento,0,0,0,10,0,0,0
eggheads,0,0,0,8,0,0,0
ucdavis,0,0,0,7,0,1,0
universityofcalifornia--irvine,1,0,0,30,1,1,0
universityofcalifornia--irvine,1,0,0,30,1,1,0
uc—irvine,0,0,0,11,0,0,0
mascot,0,0,0,6,0,0,0
can,0,0,0,3,0,0,0
areas,0,0,0,5,0,0,0
universityofcalifornia--losangeles,1,0,0,34,1,1,0
so,0,0,0,2,0,0,0
radio,0,0,0,5,0,0,0
ucla,0,0,0,4,0,0,0
universityofcalifornia--merced,1,0,0,30,1,1,0
"$13,262",0,0,0,7,0,0,1
universityofcalifornia--sandiego,1,0,0,32,1,1,0
universityofcalifornia--sandiego,1,0,0,32,1,1,0
ucsd,0,0,0,4,0,0,0
on-campus,0,0,0,9,1,0,0
one,0,0,0,3,0,0,0
"""bud""",0,0,0,5,0,0,0
universityofcalifornia--santabarbara,1,0,0,36,1,1,0
quarter-based,0,0,0,13,1,0,0
join,0,0,0,4,0,0,0
ucsb,0,0,0,4,0,0,0
universityofcalifornia--santacruz,1,0,0,33,1,1,0
universityofcalifornia--santacruz,1,0,0,33,1,1,0
rvs,0,0,0,3,0,0,0
full-time,0,0,0,9,1,0,0
ucsantacruz,0,0,0,11,0,1,0
75-mile,0,0,0,7,1,0,1
universityofcentralflorida,1,0,0,26,0,1,0
ucf,0,0,0,3,0,0,0
through,0,0,0,7,0,0,0
curb,0,0,0,4,0,0,0
universityofchicago,1,0,0,19,0,1,0
rich,0,0,0,4,0,0,0
hav,0,0,0,3,0,0,0
universityofchicago,1,0,0,19,0,1,0
universityofcincinnati,1,0,0,22,0,1,0
universityofcincinnati,1,0,0,22,0,1,0
highly,0,0,0,6,0,0,0
fine,0,0,0,4,0,0,0
uc,0,0,0,2,0,0,0
much,0,0,0,4,0,0,0
universityofcolorado--boulder,1,0,0,29,1,1,0
cu­--boulder,0,0,0,13,1,0,0
1:15,0,0,0,4,0,0,1
a.m.,0,0,0,4,0,0,0
universityofcolorado--denver,1,0,0,28,1,1,0
cudenver,0,0,0,8,0,1,0
nursing,0,0,0,7,0,0,0
physical,0,0,0,8,0,0,0
universityofconnecticut,1,0,0,23,0,1,0
out-of-state,0,0,0,12,1,0,0
30-minute,0,0,0,9,1,0,1
universityofconnecticut,1,0,0,23,0,1,0
universityofdayton,1,0,0,18,0,1,0
ud,0,0,0,2,0,0,0
program,0,0,0,7,0,0,0
also,0,0,0,4,0,0,0
universityofdelaware,1,0,0,20,0,1,0
45-55,0,0,0,5,1,0,1
45-mile,0,0,0,7,1,0,1
universityofdelaware,1,0,0,20,0,1,0
universityofdenver,1,0,0,18,0,1,0
ski,0,0,0,3,0,0,0
nuggets,0,0,0,7,0,0,0
du,0,0,0,2,0,0,0
universityofflorida,1,0,0,19,0,1,0
uf,0,0,0,2,0,0,0
ben,0,0,0,3,0,0,0
opt,0,0,0,3,0,0,0
universityofgeorgia,1,0,0,19,0,1,0
are,0,0,0,3,0,0,0
24-hour,0,0,0,7,1,0,1
uga,0,0,0,3,0,0,0
universityofhartford,1,0,0,20,0,1,0
universityofhartford,1,0,0,20,0,1,0
uhart,0,0,0,5,0,0,0
or,0,0,0,2,0,0,0
from,0,0,0,4,0,0,0
universityofhawaii--manoa,1,0,0,25,1,1,0
oahu,0,0,0,4,0,0,0
uhmanoa,0,0,0,7,0,1,0
wide,0,0,0,4,0,0,0
universityofhouston,1,0,0,19,0,1,0
uh,0,0,0,2,0,0,0
cougars,0,0,0,7,0,0,0
bauer,0,0,0,5,0,0,0
universityofidaho,1,0,0,17,0,1,0
universityofidaho,1,0,0,17,0,1,0
moscow,0,0,0,6,0,0,0
opponents,0,0,0,9,0,0,0
universityofillinois--chicago,1,0,0,29,1,1,0
uic,0,0,0,3,0,0,0
near,0,0,0,4,0,0,0
variety,0,0,0,7,0,0,0
universityofillinois--urbana-champaign,1,0,0,38,1,1,0
out-of-state,0,0,0,12,1,0,0
it’s,0,0,0,6,0,0,0
uiuc,0,0,0,4,0,0,0
universityofiowa,1,0,0,16,0,1,0
universityofiowa,1,0,0,16,0,1,0
royj.,0,0,0,5,0,1,0
henryb.tippie,0,0,0,13,0,1,0
universityofkansas,1,0,0,18,0,1,0
best,0,0,0,4,0,0,0
universityofkentucky,1,0,0,20,0,1,0
uk,0,0,0,2,0,0,0
make,0,0,0,4,0,0,0
visiting,0,0,0,8,0,0,0
universityoflaverne,1,0,0,19,0,1,0
"$39,900",0,0,0,7,0,0,1
universityoflouisiana--lafayette,1,0,0,32,1,1,0
ull,0,0,0,3,0,0,0
cajuns,0,0,0,6,0,0,0
ul-lafayette,0,0,0,12,1,0,0
synergy,0,0,0,7,0,0,0
universityoflouisiana--monroe,1,0,0,29,1,1,0
"$19,758",0,0,0,7,0,0,1
ulm,0,0,0,3,0,0,0
mon1ro3e,0,0,0,8,0,0,1
universityoflouisville,1,0,0,22,0,1,0
business,0,0,0,8,0,0,0
fraternities,0,0,0,12,0,0,0
uofl,0,0,0,4,0,1,0
universityofmaine,1,0,0,17,0,1,0
approximately,0,0,0,13,0,0,0
canadian,0,0,0,8,0,0,0
border,0,0,0,6,0,0,0
participate,0,0,0,11,0,0,0
universityofmaryland--baltimorecounty,1,0,0,37,1,1,0
universityofmaryland—baltimorecounty,1,0,0,38,0,1,0
chapter,0,0,0,7,0,0,0
universityofmaryland--collegepark,1,0,0,33,1,1,0
d.c.-area,0,0,0,9,1,0,0
nose,0,0,0,4,0,0,0
universityofmaryland,1,0,0,20,0,1,0
universityofmaryland--easternshore,1,0,0,34,1,1,0
toxicology,0,0,0,10,0,0,0
mideastern,0,0,0,10,0,0,0
umes,0,0,0,4,0,0,0
universityofmassachusetts--amherst,1,0,0,34,1,1,0
umassamherstuniversity,1,0,0,22,0,1,0
uww,0,0,0,3,0,0,0
one-,0,0,0,4,1,0,0
dependent,0,0,0,9,0,0,0
175-mile,0,0,0,8,1,0,1
universityofmassachusetts--boston,1,0,0,33,1,1,0
umassb,0,0,0,6,0,0,0
its,0,0,0,3,0,0,0
comprehensive,0,0,0,13,0,0,0
universityofmassachusetts--dartmouth,1,0,0,36,1,1,0
umassd,0,0,0,6,0,0,0
screenwriter,0,0,0,12,0,0,0
umass-dartmouth,0,0,0,15,1,0,0
bedford,0,0,0,7,0,0,0
universityofmassachusetts--lowell,1,0,0,33,1,1,0
setting,0,0,0,7,0,0,0
universityofmemphis,1,0,0,19,0,1,0
uom,0,0,0,3,0,0,0
stephen,0,0,0,7,0,0,0
gostkowski,0,0,0,10,0,0,0
universityofmiami,1,0,0,17,0,1,0
for,0,0,0,3,0,0,0
coast,0,0,0,5,0,0,0
universityofmiami,1,0,0,17,0,1,0
universityofmichigan--annarbor,1,0,0,30,1,1,0
it,0,0,0,2,0,0,0
universityofmichigan--annarbor,1,0,0,30,1,1,0
universityofmichigan,1,0,0,20,0,1,0
ann,0,0,0,3,0,0,0
liu,0,0,0,3,0,0,0
universityofminnesota--twincities,1,0,0,33,1,1,0
universityofminnesota,1,0,0,21,0,1,0
freshmen,0,0,0,8,0,0,0
than,0,0,0,4,0,0,0
universityofmississippi,1,0,0,23,0,1,0
universityofmississippi,1,0,0,23,0,1,0
sororities,0,0,0,10,0,0,0
universityofmissouri,1,0,0,20,0,1,0
universityofmissouri,1,0,0,20,0,1,0
truman,0,0,0,6,0,0,0
universityofmissouri--kansascity,1,0,0,32,1,1,0
umkc,0,0,0,4,0,0,0
kangaroo,0,0,0,8,0,0,0
truman,0,0,0,6,0,0,0
universityofmissouri--st.louis,1,0,0,30,1,1,0
umst,0,0,0,4,0,0,0
umsl,0,0,0,4,0,0,0
phyllis,0,0,0,7,0,0,0
smith,0,0,0,5,0,0,0
universityofmontana,1,0,0,19,0,1,0
o'connor,0,0,0,8,0,0,0
simmons,0,0,0,7,0,0,0
universityofnebraska--lincoln,1,0,0,29,1,1,0
unl,0,0,0,3,0,0,0
athletic,0,0,0,8,0,0,0
universityofnebraska--omaha,1,0,0,27,1,1,0
uno,0,0,0,3,0,0,0
clinton,0,0,0,7,0,0,0
nasa,0,0,0,4,0,0,0
universityofnevada--lasvegas,1,0,0,28,1,1,0
unlv,0,0,0,4,0,0,0
william,0,0,0,7,0,0,0
boyd,0,0,0,4,0,0,0
universityofnevada--reno,1,0,0,24,1,1,0
unr,0,0,0,3,0,0,0
traditions,0,0,0,10,0,0,0
universityofnewhampshire,1,0,0,24,0,1,0
unh,0,0,0,3,0,0,0
even,0,0,0,4,0,0,0
universityofnewmexico,1,0,0,21,0,1,0
"$21,302",0,0,0,7,0,0,1
universityofneworleans,1,0,0,22,0,1,0
uno,0,0,0,3,0,0,0
pontchartrain,0,0,0,13,0,0,0
swampball,0,0,0,9,0,0,0
universityofnorthcarolina--chapelhill,1,0,0,37,1,1,0
universityofnorthcarolina—chapelhill,1,0,0,38,0,1,0
unc,0,0,0,3,0,0,0
of,0,0,0,2,0,0,0
conference,0,0,0,10,0,0,0
u.s.,0,0,0,4,0,0,0
universityofnorthcarolina--charlotte,1,0,0,36,1,1,0
uncc,0,0,0,4,0,0,0
wooded,0,0,0,6,0,0,0
charlotte,0,0,0,9,0,0,0
universityofnorthcarolina--greensboro,1,0,0,37,1,1,0
uncg,0,0,0,4,0,0,0
claudia,0,0,0,7,0,0,0
emerson,0,0,0,7,0,0,0
universityofnorthdakota,1,0,0,23,0,1,0
und,0,0,0,3,0,0,0
grand,0,0,0,5,0,0,0
forks,0,0,0,5,0,0,0
universityofnorthtexas,1,0,0,22,0,1,0
unt,0,0,0,3,0,0,0
grammynominated,0,0,0,15,0,0,0
jones,0,0,0,5,0,0,0
orbison,0,0,0,7,0,0,0
universityofnortherncolorado,1,0,0,28,0,1,0
unc,0,0,0,3,0,0,0
greg,0,0,0,4,0,0,0
talladega,0,0,0,9,0,0,0
universityofnotredame,1,0,0,21,0,1,0
universityofnotredame,1,0,0,21,0,1,0
on,0,0,0,2,0,0,0
the,0,0,0,3,0,0,0
universityofoklahoma,1,0,0,20,0,1,0
ou,0,0,0,2,0,0,0
major,0,0,0,5,0,0,0
universityoforegon,1,0,0,18,0,1,0
uo,0,0,0,2,0,0,0
short,0,0,0,5,0,0,0
universityofpennsylvania,1,0,0,24,0,1,0
universityofpennsylvania,1,0,0,24,0,1,0
also,0,0,0,4,0,0,0
eight,0,0,0,5,0,0,0
universityofpittsburgh,1,0,0,22,0,1,0
3-mile,0,0,0,6,1,0,1
zoo,0,0,0,3,0,0,0
universityofpittsburgh,1,0,0,22,0,1,0
universityofrhodeisland,1,0,0,23,0,1,0
uri,0,0,0,3,0,0,0
most,0,0,0,4,0,0,0
universityofrochester,1,0,0,21,0,1,0
universityofrochester,1,0,0,21,0,1,0
live,0,0,0,4,0,0,0
half,0,0,0,4,0,0,0
universityofsandiego,1,0,0,20,0,1,0
universityofsandiego,1,0,0,20,0,1,0
la,0,0,0,2,0,0,0
tier,0,0,0,4,0,0,0
universityofsanfrancisco,1,0,0,24,0,1,0
usf,0,0,0,3,0,0,0
division,0,0,0,8,0,0,0
universityofsouthalabama,1,0,0,24,0,1,0
gulf,0,0,0,4,0,0,0
uosa,0,0,0,4,0,0,0
jaguars,0,0,0,7,0,0,0
belt,0,0,0,4,0,0,0
universityofsouthcarolina,1,0,0,25,0,1,0
usc,0,0,0,3,0,0,0
gamecocks,0,0,0,9,0,0,0
universityofsouthdakota,1,0,0,23,0,1,0
usd,0,0,0,3,0,0,0
tim,0,0,0,3,0,0,0
johnson,0,0,0,7,0,0,0
universityofsouthflorida,1,0,0,24,0,1,0
usf,0,0,0,3,0,0,0
commonly,0,0,0,8,0,0,0
universityofsoutherncalifornia,1,0,0,30,0,1,0
known,0,0,0,5,0,0,0
usc,0,0,0,3,0,0,0
andrew,0,0,0,6,0,0,0
universityofsouthernmississippi,1,0,0,31,0,1,0
usm,0,0,0,3,0,0,0
psychology,0,0,0,10,0,0,0
buffett,0,0,0,7,0,0,0
universityofst.thomas,1,0,0,21,0,1,0
"$39,594",0,0,0,7,0,0,1
universityoftennessee,1,0,0,21,0,1,0
ut,0,0,0,2,0,0,0
lady,0,0,0,4,0,0,0
universityoftexas--arlington,1,0,0,28,1,1,0
uota,0,0,0,4,0,0,0
arlington,0,0,0,9,0,0,0
designated,0,0,0,10,0,0,0
focus,0,0,0,5,0,0,0
webbased,0,0,0,8,0,0,0
universityoftexas--austin,1,0,0,25,1,1,0
more,0,0,0,4,0,0,0
ut—austin,0,0,0,11,0,0,0
are,0,0,0,3,0,0,0
universityoftexas--dallas,1,0,0,25,1,1,0
"$12,162",0,0,0,7,0,0,1
universityoftexas--elpaso,1,0,0,25,1,1,0
best,0,0,0,4,0,0,0
utep,0,0,0,4,0,0,0
its,0,0,0,3,0,0,0
universityoftexas--sanantonio,1,0,0,29,1,1,0
utsa,0,0,0,4,0,0,0
premier,0,0,0,7,0,0,0
embraces,0,0,0,8,0,0,0
universityofthecumberlands,1,0,0,26,0,1,0
uoc,0,0,0,3,0,0,0
fellowman,0,0,0,9,0,0,0
youngsters,0,0,0,10,0,0,0
universityofthepacific,1,0,0,22,0,1,0
up,0,0,0,2,0,0,0
upperclassmen,0,0,0,13,0,0,0
universityoftoledo,1,0,0,18,0,1,0
uot,0,0,0,3,0,0,0
endeavors,0,0,0,9,0,0,0
vi.wellness,0,0,0,11,0,0,0
universityoftulsa,1,0,0,17,0,1,0
universityoftulsa,1,0,0,17,0,1,0
hurricane,0,0,0,9,0,0,0
dr.phil,0,0,0,7,0,1,0
universityofutah,1,0,0,16,0,1,0
uu,0,0,0,2,0,0,0
or,0,0,0,2,0,0,0
universityofvermont,1,0,0,19,0,1,0
uvm,0,0,0,3,0,0,0
ropes,0,0,0,5,0,0,0
cat,0,0,0,3,0,0,0
universityofwashington,1,0,0,22,0,1,0
uw,0,0,0,2,0,0,0
pac-12,0,0,0,6,1,0,1
co-creator,0,0,0,10,1,0,0
universityofwestflorida,1,0,0,23,0,1,0
uwf,0,0,0,3,0,0,0
aren't,0,0,0,6,0,0,0
ms.,0,0,0,3,0,0,0
universityofwestgeorgia,1,0,0,23,0,1,0
uwg,0,0,0,3,0,0,0
3.2,0,0,0,3,0,0,1
www.,0,0,0,4,0,0,0
universityofwisconsin--madison,1,0,0,30,1,1,0
uw-madison,0,0,0,10,1,0,0
uwm,0,0,0,3,0,0,0
one,0,0,0,3,0,0,0
opt,0,0,0,3,0,0,0
past,0,0,0,4,0,0,0
universityofwisconsin--milwaukee,1,0,0,32,1,1,0
uwm,0,0,0,3,0,0,0
rygiel,0,0,0,6,0,0,0
harleydavidson,0,0,0,14,0,0,0
universityofwyoming,1,0,0,19,0,1,0
uw,0,0,0,2,0,0,0
credit,0,0,0,6,0,0,0
utahstateuniversity,1,0,1,19,0,1,0
usu,0,0,0,3,0,0,0
fostering,0,0,0,9,0,0,0
cultivating,0,0,0,11,0,0,0
serving,0,0,0,7,0,0,0
valdostastateuniversity,1,0,1,23,0,1,0
vsu,0,0,0,3,0,0,0
mild,0,0,0,4,0,0,0
mexico,0,0,0,6,0,0,0
vanderbiltuniversity,1,0,0,20,0,1,0
vanderbiltuniversity,1,0,0,20,0,1,0
role,0,0,0,4,0,0,0
highly,0,0,0,6,0,0,0
villanovauniversity,1,0,0,19,0,1,0
utilizes,0,0,0,8,0,0,0
villanovauniversity,1,0,0,19,0,1,0
first,0,0,0,5,0,0,0
virginiacommonwealthuniversity,1,0,0,30,0,1,0
vcu,0,0,0,3,0,0,0
advantage,0,0,0,9,0,0,0
virginiapolytechnicinstituteandstateuniversity,1,0,1,46,0,1,0
virginiatech,0,0,0,12,0,1,0
bus,0,0,0,3,0,0,0
pool,0,0,0,4,0,0,0
wakeforestuniversity,1,0,0,20,0,1,0
wfu,0,0,0,3,0,0,0
car,0,0,0,3,0,0,0
local,0,0,0,5,0,0,0
waldenuniversity,1,0,0,16,0,1,0
wu,0,0,0,2,0,0,0
countries,0,0,0,9,0,0,0
mission,0,0,0,7,0,0,0
washingtonstateuniversity,1,0,1,25,0,1,0
wsu,0,0,0,3,0,0,0
married,0,0,0,7,0,0,0
washingtonuniversityinst.louis,1,0,0,30,0,1,0
wide,0,0,0,4,0,0,0
washu,0,0,0,5,0,1,0
olin,0,0,0,4,0,0,0
waynestateuniversity,1,0,1,20,0,1,0
wsu,0,0,0,3,0,0,0
cora,0,0,0,4,0,0,0
brown,0,0,0,5,0,0,0
westvirginiauniversity,1,0,0,22,0,1,0
wvu,0,0,0,3,0,0,0
intramural,0,0,0,10,0,0,0
westernmichiganuniversity,1,0,0,25,0,1,0
wmu,0,0,0,3,0,0,0
lake,0,0,0,4,0,0,0
wichitastateuniversity,1,0,1,22,0,1,0
wsu,0,0,0,3,0,0,0
"valleyn.conference.besidesathletics,studentsatwsucangetinvolvedinmorethan150campusorganizations,greeklifeandcommunityservice.notablewsualumniincludefrankanddan<ncarney",0,0,0,167,0,1,1
wideneruniversity,1,0,0,17,0,1,0
wu,0,0,0,2,0,0,0
athletes,0,0,0,8,0,0,0
wilmingtonuniversity,1,0,0,20,0,1,0
wu,0,0,0,2,0,0,0
exemplary,0,0,0,9,0,0,0
draw,0,0,0,4,0,0,0
worcesterpolytechnicinstitute,1,0,0,29,0,1,0
members,0,0,0,7,0,0,0
ground,0,0,0,6,0,0,0
wpi,0,0,0,3,0,0,0
wrightstateuniversity,1,0,1,21,0,1,0
wrightstate,0,0,1,11,0,1,0
orville,0,0,0,7,0,0,0
g.i.,0,0,0,4,0,0,0
yaleuniversity,1,0,0,14,0,1,0
yaleuniversity,1,0,0,14,0,1,0
with,0,0,0,4,0,0,0
eat,0,0,0,3,0,0,0
yeshivauniversity,1,0,0,17,0,1,0
yu,0,0,0,2,0,0,0
sy,0,0,0,2,0,0,0
revel,0,0,0,5,0,0,0
